{"stats":{"minecraft:picked_up":{"minecraft:wheat_seeds":1},"minecraft:dropped":{"minecraft:wheat_seeds":1},"minecraft:mined":{"regions_unexplored:steppe_shrub":1,"minecraft:grass":1,"minecraft:tall_grass":2,"minecraft:acacia_leaves":1},"minecraft:custom":{"minecraft:jump":3,"minecraft:time_since_rest":4514,"minecraft:sprint_one_cm":616,"minecraft:leave_game":1,"minecraft:play_time":4514,"minecraft:time_since_death":4514,"minecraft:walk_one_cm":8034,"minecraft:total_world_time":4514,"minecraft:drop":1,"minecraft:fly_one_cm":473}},"DataVersion":3465}