{"stats":{"minecraft:used":{"alexsmobs:emu_egg":4,"minecraft:wooden_sword":22,"minecraft:lantern":1,"alexsmobs:animal_dictionary":2},"minecraft:picked_up":{"minecraft:wooden_sword":1,"minecraft:wheat_seeds":6,"minecraft:acacia_log":1,"alexsmobs:emu_egg":4,"minecraft:string":1,"minecraft:lantern":1},"minecraft:killed_by":{"alexsmobs:kangaroo":1,"specialmobs:webcavespider":1},"minecraft:dropped":{"minecraft:wheat_seeds":1,"minecraft:acacia_log":1},"minecraft:mined":{"minecraft:grass":1,"minecraft:acacia_log":1,"minecraft:acacia_leaves":1,"regions_unexplored:stone_bud":8,"regions_unexplored:steppe_shrub":1,"minecraft:tall_grass":5},"minecraft:custom":{"minecraft:time_since_rest":401,"minecraft:crouch_one_cm":232,"minecraft:play_time":16514,"minecraft:sprint_one_cm":38773,"minecraft:deaths":2,"minecraft:damage_taken":631,"minecraft:walk_one_cm":82887,"minecraft:sneak_time":121,"minecraft:walk_under_water_one_cm":216,"minecraft:mob_kills":1,"minecraft:drop":2,"minecraft:jump":212,"minecraft:damage_dealt":232,"minecraft:leave_game":1,"minecraft:time_since_death":642,"minecraft:walk_on_water_one_cm":952,"minecraft:total_world_time":16514,"minecraft:fall_one_cm":2883,"minecraft:fly_one_cm":49826},"minecraft:killed":{"specialmobs:spider":1}},"DataVersion":3465}