{"stats":{"minecraft:used":{"minecraft:wooden_sword":16,"minecraft:crafting_table":1},"minecraft:picked_up":{"regions_unexplored:socotra_log":49,"minecraft:crafting_table":1,"minecraft:stick":4,"regions_unexplored:socotra_sapling":3},"minecraft:killed_by":{"alexsmobs:kangaroo":1,"specialmobs:webcavespider":1},"minecraft:dropped":{"minecraft:wooden_sword":1},"minecraft:mined":{"regions_unexplored:stone_bud":3,"regions_unexplored:socotra_log":49,"minecraft:cobweb":1,"minecraft:crafting_table":1},"minecraft:custom":{"minecraft:time_since_rest":1,"minecraft:play_time":16377,"minecraft:sprint_one_cm":24404,"minecraft:walk_one_cm":69562,"minecraft:damage_taken":531,"minecraft:deaths":2,"minecraft:walk_under_water_one_cm":98,"minecraft:drop":1,"minecraft:jump":98,"minecraft:damage_dealt":173,"minecraft:time_since_death":500,"minecraft:walk_on_water_one_cm":1504,"minecraft:total_world_time":16377,"minecraft:interact_with_crafting_table":1,"minecraft:fall_one_cm":1171,"minecraft:fly_one_cm":16797},"minecraft:crafted":{"minecraft:wooden_sword":2,"regions_unexplored:socotra_planks":24,"minecraft:crafting_table":1,"minecraft:stick":4}},"DataVersion":3465}