{
  "minecraft:recipes/decorations/crafting_table": {
    "criteria": {
      "unlock_right_away": "2024-08-19 01:50:06 +0000"
    },
    "done": false
  },
  "bakery:main/root": {
    "criteria": {
      "seeds": "2024-08-19 01:50:06 +0000"
    },
    "done": true
  },
  "tombstone:adventure/root": {
    "criteria": {
      "auto": "2024-08-19 01:50:09 +0000"
    },
    "done": true
  },
  "regions_unexplored:parent": {
    "criteria": {
      "load_in_world": "2024-08-19 01:50:09 +0000"
    },
    "done": true
  },
  "regions_unexplored:regions_explored": {
    "criteria": {
      "dry_bushland": "2024-08-19 01:53:42 +0000",
      "baobab_savanna": "2024-08-19 01:50:09 +0000"
    },
    "done": false
  },
  "regions_unexplored:pioneer": {
    "criteria": {
      "dry_bushland": "2024-08-19 01:53:42 +0000",
      "baobab_savanna": "2024-08-19 01:50:09 +0000"
    },
    "done": false
  },
  "mca:root": {
    "criteria": {
      "village_savanna": "2024-08-19 01:53:35 +0000"
    },
    "done": false
  },
  "bakery:recipes/oat_seeds": {
    "criteria": {
      "has_wheat_seeds": "2024-08-19 01:54:21 +0000"
    },
    "done": false
  },
  "minecraft:adventure/adventuring_time": {
    "criteria": {
      "minecraft:beach": "2024-08-19 01:54:02 +0000"
    },
    "done": false
  },
  "DataVersion": 3465
}